{"columns":[0,1],"index":[0,1],"data":[[[[[0.2861082852,-0.153501749,0.1654391289,-0.0510764085,-0.2942729592,0.3274327815,0.4109369218,0.0719053298,0.1275298893,0.1059211195,0.424131006,0.1944264472],[-0.1614331305,-0.0835132524,-0.1187833101,0.0861645564,0.3126054108,0.1453485042,-0.12307439,-0.0285581928,-0.0759788901,0.0111031504,0.0684011132,0.2381563336],[-0.0898633599,0.2672553658,0.0291860532,-0.1077118888,-0.3485392928,-0.0897650719,-0.0847429484,-0.1024603695,-0.0681337491,0.3046462834,0.0538022965,-0.3828640282],[-0.371067524,0.2126751393,-0.0140114985,-0.1305380464,0.1616971046,-0.3285926878,0.2122890949,0.0265210867,-0.3329588175,-0.0431876183,-0.2062247097,-0.2361837626],[-0.042575907,-0.2434350997,0.0508495793,-0.1186353043,0.1446553022,-0.0089617902,-0.328656286,0.0101764034,-0.0137765771,0.2621652782,-0.2463549525,0.0133805638],[-0.238654986,-0.2978211045,0.260499388,-0.1670957804,-0.2686385512,0.0903872401,0.0402543321,0.100584574,0.3927107155,-0.1279346347,-0.3264754713,-0.273057282],[0.3210479915,0.0556412265,0.3161106408,-0.3712397516,0.4106954932,-0.1303264201,-0.1996856034,-0.1686244905,-0.1318580955,0.2707420886,0.0517592281,0.3467876315],[0.3145810664,-0.1858996153,-0.035739135,-0.1941070259,-0.1755802035,-0.4461576939,-0.1888099909,0.0878622383,-0.0999755114,-0.3563734889,0.0710065737,-0.0658847466],[0.0099961292,-0.0277742315,0.123972699,-0.0287044793,0.0501160547,-0.168983981,0.1122478396,-0.2131681144,-0.014462729,0.0933391228,-0.4528947771,0.0672932267],[0.1848179847,0.1777434796,0.4004608393,-0.0070854798,-0.2738304436,0.0918232352,-0.1002553999,-0.1069607437,0.0615896322,-0.3072761893,-0.0468280055,-0.2845508754],[0.1605901867,-0.3215560913,0.1418542862,-0.3056812286,-0.1022018343,-0.185020119,-0.129034698,0.1723705977,0.1855742931,0.1140017807,0.0904971287,0.132745564],[-0.2626132071,0.0648056939,-0.1052816361,0.0134805972,-0.2095529288,0.0144157009,-0.0669149086,-0.1628353149,0.0044002291,-0.0711171553,0.016428249,-0.06550017],[-0.0214223415,-0.30118981,0.1771045774,0.1698363572,-0.1360069364,0.0565385409,-0.0577731133,0.073054947,-0.0806417987,-0.1652441323,-0.3755041957,-0.4089092612],[0.414511919,-0.1161405891,0.323084861,0.3461121321,0.0773436725,0.2584036291,0.0890679061,0.0730035231,0.0207025968,-0.1053645387,0.1040047184,-0.0731487051],[-0.0909880251,-0.1767860055,-0.0819892213,-0.3406398594,0.0787103176,0.2452183366,-0.1684341282,-0.1310857683,-0.0085773831,-0.2332610786,0.1291983873,-0.1837052554],[0.1032602564,0.2484395653,-0.1146873906,-0.1429257393,0.4084958434,-0.0176695921,0.2215633094,-0.2377892286,0.1009031758,0.1891060024,-0.3068013489,-0.0422030501],[-0.0425025225,0.0207817238,0.0156380534,-0.0463306047,-0.1259473562,-0.2291746885,0.2894582152,0.0913112685,0.223473236,0.0012740114,0.3390001655,0.2778029144],[-0.07716012,0.1141346097,-0.4631096125,0.4159884751,-0.0998185426,0.0312945955,-0.0653908327,-0.2464649379,-0.0795228034,-0.0166307446,0.1801612973,-0.0673857778],[-0.0412390307,0.1272772998,0.1279812157,-0.2462657541,-0.1067079753,-0.2927308381,-0.1385624558,0.2277013212,0.201506421,0.2981666327,0.304336369,0.2245853096],[0.2421621084,-0.1768839657,-0.1179769263,-0.2361669242,-0.3468309045,-0.2994888723,-0.1597264111,0.0530770458,0.1208134368,-0.2116774172,-0.010595235,-0.0858276859],[0.3512516916,-0.2820189297,-0.2370467037,0.4328839481,-0.1411242038,-0.1827095896,-0.3687852621,-0.0340542458,0.1908309162,-0.0888617858,-0.4182853401,-0.0348386616],[0.3135473132,0.1416770667,-0.0977767408,-0.0744218007,0.180907473,-0.3545996547,-0.0852853954,0.2958275974,-0.2149623781,0.123682864,0.2011180669,0.0755922571],[-0.1165507361,-0.2017645985,-0.3134334683,0.1371134818,0.2094352841,0.2246137261,-0.2585348487,0.1276531518,-0.1544822305,0.251054287,-0.3930212855,-0.0279777031],[-0.2187573165,-0.3034089506,-0.3124926686,0.1665429622,-0.2074560523,0.2625981271,-0.0731027275,-0.2060755938,-0.0678048432,0.0850527361,-0.3167929351,0.2192990333],[0.0075979894,-0.0114349118,-0.1389181167,0.1682367325,-0.0516726002,-0.0131595368,0.0808109343,0.175954029,-0.2989599407,0.357352823,-0.1793159395,-0.1372919977],[-0.2943759859,0.0779546574,-0.0461330526,0.0571057647,-0.0653911978,0.116848439,0.0367954709,0.1404191107,0.2704255283,-0.1155562773,0.2986356318,-0.094872348],[0.3705713451,-0.0647107586,-0.1152883247,-0.1342464536,-0.3625739813,0.0763476267,-0.1964042336,-0.0253471509,0.1127623841,-0.2766669691,0.0269308649,-0.3699803948],[-0.3263426721,-0.2257123888,0.2955326438,-0.2053829134,-0.1726490706,0.3472652435,-0.1913100332,0.0826891363,-0.1609357595,0.0104349563,0.0931033194,0.0583023243],[-0.3257099986,-0.027272325,-0.0624297149,0.1033591107,-0.0605931245,0.3044306338,0.2948666513,-0.1371252686,-0.1292898655,0.3403974473,-0.212441504,0.2087002844],[-0.1851425022,0.3515943587,0.1388467401,-0.2815371454,-0.0459305011,0.162484929,-0.0717885792,0.1938499957,-0.0032743809,0.243337974,0.1826939583,0.0250466019],[-0.0826834589,-0.0161407888,0.0431056805,-0.0621929355,0.0162128005,0.003854454,-0.3940417767,-0.4388994277,0.0199832879,0.1971589774,-0.2087580115,-0.0763442144],[-0.3615515232,0.2296459824,-0.1821361184,0.2177305669,0.0583304092,0.4549377859,-0.3329755366,-0.1918976903,0.2423472852,0.4266746044,-0.0632661358,-0.2509967983],[-0.1393431723,0.3485185802,0.0669627935,-0.0297839753,0.0525648221,0.196935609,-0.1580405086,-0.0256269798,0.0178356674,0.0682552755,-0.1813107878,0.1985162199],[-0.3525360227,-0.0959888324,-0.062692441,-0.3592556417,-0.0662892237,-0.3200535178,0.0473618656,-0.2277736813,0.1767542362,0.0851614699,-0.0607283525,0.068550773],[-0.1324042678,0.3751077652,-0.0752573982,0.4620602429,-0.0435566828,-0.1027515531,-0.334512949,-0.2891295552,0.1246327236,-0.2185485512,-0.0834696516,-0.12021669],[0.08460439,0.1246599555,-0.0936076716,-0.3815622926,-0.2903381884,-0.1060075015,0.149256438,0.3224044144,-0.0327545032,-0.0106221978,0.0611779578,-0.182002753],[-0.2081143707,0.3199653029,0.388022393,-0.0937950164,-0.0816549286,-0.091821298,-0.2619690001,-0.1118224487,0.2334223837,0.065181151,0.0377784707,0.07118126],[-0.1506352127,-0.2960050106,-0.0452954285,-0.1525820941,-0.3374457657,0.0379495732,-0.031964995,-0.0193072837,-0.1324368566,0.1161008999,0.1724624634,0.1670764387],[-0.2012796104,-0.279278487,0.3537208438,0.2228228003,0.0620143451,-0.0764414966,0.0107406434,-0.0280927271,0.2409920245,0.0856072754,-0.0880230293,-0.086614199],[-0.3205853105,0.309463501,-0.0656015351,-0.0116613926,0.0923392475,-0.3268092573,-0.0479995869,-0.3593730032,-0.0026346452,0.3069452345,-0.0773056671,0.0966348052]],[0.0374954045,-0.0440789014,0.0287124757,0.0211644117,-0.0300528873,-0.0353299603,-0.0300180204,-0.0377806053,0.0104244743,-0.0561015867,-0.0421290584,0.0179956872]],[[[0.5441220999,-0.1387870461,0.1557949036,-0.1489879191],[-0.4831358492,0.5437449217,0.7756660581,0.17871508],[0.3800823987,0.2225951254,0.6414238811,0.4941534996],[-0.2675764561,-0.2669395506,-0.189782694,0.0853027925],[0.5787706971,0.1612326503,-0.138987273,-0.0134135997],[-0.2607695162,-0.0972490683,0.2508127391,0.3623083532],[-0.1243226305,0.4228536785,0.0848010704,-0.1658438295],[-0.5995104313,-0.0176980011,-0.1925393194,-0.2425473928],[-0.2506817579,0.5758664012,0.1568004191,-0.714391768],[-0.7491086125,0.4253591299,-0.1477319449,-0.0825452805],[0.1461281478,-0.469306618,0.4043688178,0.0802864805],[-0.5804312229,-0.0142580308,-0.4353637397,-0.2938111424]],[0.0328007452,-0.0302433521,-0.039872352,0.0491407327]]],[[[[0.5157890916,-0.1653044075,0.1931245923,-0.0920793116,-0.5456749201,0.6354947686,0.8111715913,0.1855950207,0.3175854683,0.2473417073,0.6893309355,0.4325697422],[-0.2169491351,-0.1940157861,-0.2558288872,0.0617613234,0.5871630907,0.202041477,-0.1280521005,0.0050652307,-0.2189916521,-0.0842266381,0.1814870983,0.3224315047],[-0.1620034724,0.4771957994,0.0474358127,-0.1941803843,-0.6442630291,-0.0521065257,-0.0950630307,-0.1289585829,-0.2095777243,0.5186232328,0.1526529789,-0.6902179718],[-0.7619007826,0.4940248132,-0.1124442369,