{"columns":[0,1],"index":[0,1],"data":[[[[[0.2963441908,-0.1757719815,0.0800646767,-0.0052415174,-0.339797169,0.3933881819,0.5232284665,0.1210416108,0.2657875717],[0.167159304,0.379953146,0.2368550152,-0.1389586627,-0.1791303009,-0.1605428606,0.0034410153,0.4180794358,0.0970230252],[-0.1340495348,-0.0718048736,-0.1499933004,-0.0325082615,0.0855382681,0.1384764314,-0.0367905386,0.3333146572,0.0337011553],[-0.1739223748,-0.4024585187,-0.0769553706,-0.1493682116,-0.1457217783,-0.1296940446,0.4167590439,0.1426808089,-0.4420933425],[-0.4880070984,0.3477725685,-0.0687035024,-0.0826805606,0.0784985796,-0.3228155375,0.3383704722,0.1122447923,-0.3311179876],[0.0093929917,-0.2471823692,-0.2150498629,-0.1079887673,-0.2810946703,-0.0279324129,-0.0201862697,0.2144931257,0.025049625],[-0.3794996142,0.0124488454,-0.0243880451,0.3228111565,-0.2844662368,0.0154505447,-0.2755750716,-0.3918554485,0.2908615172],[-0.1273257732,-0.3101970851,0.1375417113,0.0528375022,0.1547464281,0.4165953398,-0.0823763832,-0.3431242108,-0.3152994215],[0.3658334911,0.1184553728,0.4825442135,-0.4801860452,0.5482243299,-0.1504879892,-0.1526326388,-0.1947107911,-0.1522566229],[0.3756547868,0.0053117177,0.3478449285,0.4198282063,-0.1716131121,0.0074931527,-0.3206762373,-0.2027425617,-0.4546400011],[-0.2180190086,0.0357003473,-0.208321467,-0.4529322386,0.1308197081,-0.150846526,0.0084786648,0.0278248563,0.14131549],[0.0239480957,0.0184677113,-0.2103053629,0.1995061636,-0.21305345,-0.0167981703,0.127523005,-0.4681877494,0.1083982512],[0.1993825436,0.2390060127,0.4285702109,0.0472330339,-0.2898446321,0.1420605779,-0.0428602211,-0.1571670026,0.0981671363],[-0.2924725115,-0.0036149544,-0.2865977585,0.1638768166,-0.4246969819,0.2664686441,-0.3968613148,-0.180020839,-0.1606730074],[-0.0803365633,0.2717607021,0.2212243229,0.0268794429,0.2217058986,0.0137508335,-0.3512234986,-0.0404197983,-0.0902793705],[-0.07600981,-0.2244758606,-0.0404700153,-0.0941458046,-0.13382487,0.0810975656,-0.072780937,0.0876416117,-0.1140177324],[-0.0065293242,-0.3058883548,0.2078415453,0.1312668771,-0.1135852858,0.1317235082,0.0187487323,0.0668740124,-0.0452396087],[-0.1818031818,-0.3888891935,-0.4054788351,0.4378401935,-0.1807267517,0.3150615692,0.4098829627,0.1288823336,0.3027490079],[0.1043833494,0.192381382,0.1340087056,-0.1444372684,0.1225622594,-0.0424580947,-0.1079402938,-0.1190624088,-0.0746553987],[-0.4461992383,0.1172344983,0.2900379598,-0.194490999,-0.1015245616,-0.0297529902,-0.2366248667,0.2351225615,-0.1595493406],[0.0444839336,0.221538052,-0.1323897243,-0.2058564574,0.500218451,0.0067294762,0.3153848648,-0.2767552733,0.2281412929],[0.1673494577,-0.3356904089,-0.1255134642,-0.0190311652,0.0629932433,0.0947732478,-0.025252182,-0.1028818935,-0.325371474],[0.4099208713,0.0062520234,0.2922986746,0.0036461179,0.5168592334,0.1810453087,-0.0719407201,0.0117857512,-0.4793374538],[0.4780281782,-0.0834866762,-0.0331664532,-0.0577465966,-0.2845932245,-0.1596493274,-0.0696174204,0.1877349019,-0.1203260496],[-0.0914734825,0.2480333298,0.1346500665,-0.3367191851,-0.1231962219,-0.3468881845,-0.1651964337,0.3206443489,0.2794374824],[0.3556669652,0.399613291,0.3308083713,0.2384124994,-0.2287249863,-0.1027153656,-0.1977550685,-0.3919425607,-0.2870885432],[-0.1005284041,0.0377707295,0.1243714243,-0.1474182904,0.0315187462,-0.1175521538,0.3677090108,-0.3891167045,-0.2943319082],[0.4275895953,-0.1147230938,-0.1663492322,-0.4080763161,-0.0661226809,0.1762554049,-0.1552618444,-0.4305348396,-0.1016106158],[0.3181986213,0.2521315515,-0.0869018883,-0.1390387416,0.2020450383,-0.3789513111,-0.1027626768,0.3926625252,-0.2035800964],[0.227926448,0.2349537909,-0.0087383436,-0.0863727406,-0.2384853363,-0.3330564499,0.0363710225,0.2964689136,0.152825892]],[-0.0332666561,0.0680045485,-0.0099496339,-0.0635985658,-0.0085428823,-0.0060547045,0.0745144114,0.0357034728,0.072111994]],[[[0.5463418365,-0.1842762679,0.1774582267,-0.1686037332],[-0.6113460064,0.6436595321,0.8970724344,0.1505558938],[0.3604104519,0.3581733406,0.8072167039,0.4232794642],[-0.2594519258,-0.2638348639,-0.2372761667,0.0175493713],[0.6794912815,0.2692045271,-0.223126784,-0.0659845099],[-0.2818611562,0.0186404809,0.2858451009,0.2883312106],[-0.2262238264,0.5251466632,0.1122358888,-0.2804142535],[-0.7435040474,-0.0262995604,-0.2144303769,-0.1719505638],[-0.2325007766,0.5860050917,0.2238668203,-0.8318917751]],[-0.0335082449,0.0563260578,0.0561968461,-0.0659647062]]],[[[[0.5376780033,-0.1280417293,0.2822751403,-0.102152817,-0.5885459185,0.6823838353,0.8060826659,0.1761364192,0.3359625041],[0.2755900919,0.8325952291,0.5501937866,-0.2406834364,-0.2545015216,-0.2494129837,0.0320903212,0.6952419877,0.1990015507],[-0.2352467179,0.0258410778,-0.1753588766,-0.0563059561,0.2107474804,0.3875798285,-0.2158502936,0.5273846388,0.0439640954],[-0.2520341575,-0.6143789887,-0.0149656516,-0.1694858968,-0.2049207389,-0.2167344689,0.5737034678,0.2127268612,-0.7807732821]],[-0.0366113596,0.0828660354,0.0648801103,0.0,0.0,0.0168307386,-0.0365749337,0.0385959372,-0.0159188714]],[[[0.2921714485,-0.1614830047,0.0847410783,-0.1106058508,-0.3828716278,0.3375714123,0.444640696,0.040133547,0.1631895304,0.1410921663,0.3923126161,0.2548596561,-0.1811584383,-0.1893927902,-0.2014284283,-0.0017055816,0.3436414003,0.0828988627,-0.1569265723,-0.0729518235,-0.1760131568,-0.0116321286,0.0843638182,0.1653789133,-0.1467437595,0.247082755,-0.0078858342,-0.1651368439,-0.4451756179,-0.0835430175],[-0.1729522049,-0.1580436975,-0.1822456419,0.3420180082,0.0044185696,-0.5250737667,-0.5605505109,0.2134246677,-0.1512442529,-0.1669114828,0.0349424258,-0.280482322,0.1953833997,-0.0098635843,-0.4148874879,-0.0720302239,-0.332075268,-0.2989718616,-0.2043406665,-0.3641011715,0.0328863114,-0.1503113061,0.0856005996,-0.0587721728,-0.4394542575,-0.0160766076,-0.1007517651,0.2759695947,-0.3467868865,-0.0079495236],[-0.3285345733,-0.4469540715,0.2753427029,-0.1313784271,-0.366930902,0.1096508428,0.028690679,0.1231908426,0.3429887593,-0.203353852,-0.3989701569,-0.3398607075,0.3130317926,0.0065748859,0.3614121974,-0.484123826,0.4165947437,-0.2069838792,-0.2702982724,-0.249444291,-0.2072544098,0.2696458697,0.0046633678,0.3438529074,0.3095107079,-0.2280530185,-0.0501391813,-0.3242038786,-0.2592145801,-0.5092247725],[-0.2180190086,0.0700423643,-0.1717888564,-0.4529322386,0.1308197081,-0.1356822401,-0.0488301739,0.0278248563,0.081528604,-0.0331450813,0.0664125085,-0.1640035808,0.1602700949,-0.21305345,0.0088914493,0.1460667849,-0.4681877494,0.0427347086,0.1453237683,0.2643648386,0.4608314037,0.0472330339,-0.2898446321,0.1564335227,-0.1001690552,-0.0917681754,0.0331725776,-0.2924725115,-0.0036149544,-0.2865977585],[0.2193789333,-0.4246969819,0.214640975,-0.3968613148,-0.1094690263,-0.1606730074,-0.1489964575,0.2176758051,0.1588633358,0.0748682842,0.1537641585,0.0893160403,-0.3512234986,0.023512546,-0.0902793705,-0.0360487066,-0.2244758606,-0.0380789861,-0.0386438258,-0.13382487,0.0367984548,-0.1301730573,0.0654473156,-0.1140177324,-0.0065293242,-0.3058883548,0.1404605061,0.189796865,-0.1135852858,0.1068446562],[-0.0778809041,0.0795477703,-0.112380065,-0.1887543052,-0.4389908612,-0.520653367,0.4401293397,-0.2318249494,0.2652344108,0.3010351658,0.0800412446,0.2756326497,0.0862769336,0.0910833776,0.0215993207,-0.193186149,0.1099712923,-0.0920656621,-0.1384889483,-0.208228603,-0.1224107072,-0.3993652463,0.0700189471,0.284496367,-0.2444764078,-0.1510135531,-0.1125800461,-0.2856985331,0.1433744431,-0.205454573],[0.0326080509,0.1948452294,-0.1454873681,-0.2698982954,0.4655259252,0.0111845816,0.2421177775,-0.3546350002,0.1271364987,0.1666051745,-0.3806464076,-0.1159751564,-0.0656778514,0.0299822409,0.0274709612,-0.140480727,-0.1916084141,-0.3706268072,0.3037520051,0.0030996399,0.2078847885,0.1060925946,0.401188314,0.2096256763,-0.1200858653,0.0334338807,-0.5253462791,0.3757164478,-0.1106551662,-0.0666760579],[-0.1043211967,-0.3328454792,-0.1964042336,-0.1223932654,0.2038909048,-0.1914981604,-0.1412004232,0.153400287,0.0844158083,-0.3858087361,