{"columns":[0,1],"index":[0,1],"data":[[[[[0.4146496356,-0.1400046647,0.1458537728,-0.0821433961,-0.4062096179,0.4531606734],[0.5850733519,0.1117351055,0.2595667541,0.2314441651,0.5202752948,0.349360317],[-0.1801659018,-0.1809422672,-0.1866148114,0.0384092443,0.4830842614,0.1615843475],[-0.1496922076,-0.0403873846,-0.171791181,-0.0500081852,0.1390776336,0.2629363239],[-0.1370299906,0.3626801074,0.0313331485,-0.1523276269,-0.4929089844,-0.0550160818],[-0.1098496467,-0.1458833665,-0.1543948948,0.4208652079,0.1275353581,-0.5513507128],[-0.597684145,0.3732470274,-0.0841442645,-0.1112124249,0.1549230218,-0.3953666687],[0.3321872056,0.0833606124,-0.4055350423,0.0012379671,-0.2927527428,-0.2633812129],[-0.1222457141,-0.3442692459,0.0408066809,-0.1042755172,0.2147827893,0.0207630321],[-0.4547952116,0.0734834671,-0.0094276667,0.4316887259,-0.3384272158,0.0089838337],[-0.3375091255,-0.4799229503,0.415488869,-0.1659610122,-0.3698919713,0.2016863674],[0.0943849012,0.2320361435,0.4800117314,-0.1809269041,-0.4202396274,-0.3861613274],[0.4440598488,0.0890561342,0.5029246211,-0.5250123143,0.570866704,-0.1843093932],[-0.2713528574,-0.2384710461,-0.1962270439,0.4000965059,0.0632567927,0.5004406571],[0.4383910298,-0.2101822793,-0.000603216,-0.328263998,-0.258256942,-0.5568180084],[-0.2670176625,0.0758721903,-0.2103975266,-0.5647164583,0.1503604501,-0.1661761254],[-0.0598045029,0.0340783484,0.0998517424,-0.0505843461,0.0913311988,-0.2008625418],[0.1962899715,-0.2609361112,0.0108897565,0.1689044237,-0.5634177923,0.0523391105],[0.1680112481,0.3338250816,0.5548164248,0.0677806139,-0.3649469316,0.2016028613],[-0.1226815283,-0.1123926044,0.0406279452,-0.358204186,-0.0143842651,-0.3510091305]],[-0.0099489335,0.0098704174,-0.0048015341,-0.0102637671,-0.0098687327,0.0100027435]],[[[0.6425034404,-0.2494404912,0.2608155012,-0.1064049378],[-0.6810584664,0.7367215753,0.9694550633,0.1740045995],[0.3917906582,0.347576797,0.8649449348,0.5572841763],[-0.2644894123,-0.2998963892,-0.3259907365,0.088328436],[0.7528714538,0.2352636606,-0.2153190523,-0.0551012903],[-0.2870042324,-0.0740258992,0.2503375113,0.4179118872]],[-0.0098986812,-0.0094665801,0.0100288922,-0.0062979739]]],[[[[0.6425274611,-0.2395821214,0.260819912,-0.1064000949,-0.6610800028,0.7368705273],[0.9495133758,0.1639693826,0.4117047787,0.3675071895,0.8649228215,0.5373393297],[-0.2843506038,-0.2901763916,-0.3070577383,0.0882085413,0.7727481127,0.2346091568],[-0.2352075875,-0.0651227012,-0.2670351267,-0.0541203991,0.2502864003,0.3980522156]],[-0.0099145435,0.0,0.0099753076,0.0100669637,0.009988172,-0.0097946459]],[[[0.394741863,-0.1387203783,0.1459060758,-0.0630003959,-0.4261159301,0.453210175,0.5851125717,0.091786392,0.2591190338,0.2118240595,0.520262599,0.3293968439,-0.160341695,-0.1898931563,-0.2065770328,0.0392641239,0.4630913138,0.1416689456,-0.1496606469,-0.0503220372],[-0.171791181,-0.0398143269,0.1490209848,0.252936095,-0.1270859838,0.3526556492,0.041275315,-0.1523276269,-0.4929089844,-0.0550160818,-0.1198446304,-0.1449008584,-0.1644062847,0.4308349192,0.1175544858,-0.5414515138,-0.597684145,0.3638650775,-0.0841442645,-0.1012625843],[0.1347093433,-0.3860777915,0.3519443274,0.1028970107,-0.4158078134,0.0013969336,-0.3128165007,-0.2735017836,-0.122272633,-0.3544472456,0.0201983582,-0.1045970917,0.2142339945,0.0204557963,-0.4751024246,0.0936569571,-0.0297614001,0.4313427508,-0.3586672544,0.0085605206],[-0.3475501537,-0.4698107243,0.3954630494,-0.1664750874,-0.3900346458,0.1916335076,0.0942317471,0.2119249552,0.479891181,-0.190956369,-0.4303608537,-0.396270901,0.4640744328,0.0685946271,0.5026676059,-0.5347384214,0.5706917644,-0.1944233179,-0.2716281414,-0.2485805601],[-0.1964104027,0.4001505375,0.0632141456,0.4801686406,0.4383433163,-0.2201629877,-0.0008119141,-0.3382620811,-0.2584085166,-0.5667575002,-0.2770478129,0.0757724792,-0.2004444152,-0.5647290349,0.1501896679,-0.1759783179,-0.0698326305,0.0240554437,0.0898416936,-0.0506080799],[0.0714552626,-0.1909376681,0.1864377111,-0.257181257,0.0009185934,0.1690054983,-0.5833386779,0.0424060747,0.1879521608,0.3139205575,0.5544288754,0.0478902757,-0.3451032937,0.1816425771,-0.1326567531,-0.1220943406,0.0306587797,-0.3681665957,-0.0143867377,-0.3609675765]],[-0.0099185724,0.009941712,-0.0098943468,0.0087632416,-0.0099903652,-0.0099088475,-0.009948846,-0.0099536311,0.0098877279,-0.0098731508,-0.0099931136,-0.0099800862,0.0097831655,-0.009966719,-0.0099948226,-0.0095216697,-0.0099908784,-0.0099853706,-0.00997929,-0.0099768117]]]]}