{"columns":[0,1],"index":[0,1],"data":[[[[[0.3847094178,-0.158682853,0.155306682,-0.0722474307,-0.4341806471,0.4628083408],[0.5750775933,0.1117254421,0.2491912246,0.2417641282,0.5202445388,0.3592768908],[-0.170145005,-0.1599980146,-0.1766069978,0.0283108428,0.4735194445,0.1309453696],[-0.1397152096,-0.0203786064,-0.1634590328,-0.040008463,0.1495482028,0.2728583515],[-0.1270859838,0.3624540865,0.0512651764,-0.1622653157,-0.5028275251,-0.0450089984],[-0.1098412946,-0.1449697167,-0.1744458973,0.4106425941,0.1180360913,-0.5414515138],[-0.597684145,0.3837798536,-0.0941972658,-0.1112351865,0.1250921041,-0.3989928663],[0.3618609607,0.0872194618,-0.3954164088,0.0012737557,-0.3027353287,-0.2633812129],[-0.1422050446,-0.3442692459,0.0306521952,-0.1043301076,0.1948955059,0.0318636224],[-0.4647901952,0.0633254945,0.0004965482,0.441529721,-0.3483985364,0.0187613871],[-0.3375091255,-0.4899704754,0.4056400955,-0.1459311545,-0.378372997,0.1813379973],[0.0846629217,0.2366133183,0.4899391234,-0.1909481287,-0.4202396274,-0.396281898],[0.4540304244,0.0686410964,0.49283728,-0.5250123143,0.5722230077,-0.194477722],[-0.261518687,-0.2384710461,-0.1964981556,0.4098885953,0.0833526924,0.4702363908],[0.428469032,-0.2002421916,0.0001386635,-0.328263998,-0.2582620084,-0.5568180084],[-0.2769207954,0.0857285485,-0.2103720605,-0.5547264218,0.1504744887,-0.1763444543],[-0.0796028152,0.0541433096,0.1201280206,-0.0203884263,0.0673830658,-0.1909271479],[0.1763832718,-0.2609361112,-0.0091732219,0.1990098059,-0.573410511,0.0521982647],[0.1779845357,0.3137353659,0.5443385243,0.0678588375,-0.354985714,0.1815149486],[-0.1226815283,-0.122492902,0.0206395164,-0.358204186,-0.0142964888,-0.3546353281]],[-0.0198732018,0.0200557131,0.0205848347,-0.0002614559,-0.0195252653,0.0097743664]],[[[0.6326234341,-0.2390937656,0.2706169784,-0.1165992171],[-0.6907679439,0.7563778758,0.9792448878,0.1672950834],[0.4060647488,0.357873261,0.8342060447,0.5469897985],[-0.2738650143,-0.2901309133,-0.2972235978,0.0979868323],[0.7431613207,0.2648122907,-0.2053273767,-0.0649178103],[-0.296059221,-0.0628649816,0.2598766387,0.4077161849]],[-0.0195879526,0.020821074,0.0198566839,-0.0000912911]]],[[[[0.6327490807,-0.2395821214,0.2709822953,-0.0963762477,-0.6511026025,0.7379329801],[0.9397505522,0.1639693826,0.421882689,0.3775966167,0.8749235868,0.5481953621],[-0.2940801084,-0.2901763916,-0.2968625426,0.0983147398,0.7827327847,0.2454359829],[-0.2449668348,-0.0651227012,-0.2568451762,-0.0440956503,0.2602651119,0.4088754952]],[-0.0196878538,0.0,0.0201542601,0.0201209281,0.0199706163,0.0009787956]],[[[0.385201782,-0.1684641689,0.1358615607,-0.0723243952,-0.4360191226,0.4432663321,0.5752428174,0.0818245187,0.2293767035,0.2020342648,0.5103517175,0.3394058347,-0.190079838,-0.199824959,-0.1967600435,0.0490367226,0.4532155693,0.1320209503,-0.1596015543,-0.0602207817],[-0.171791181,-0.0398143269,0.1490209848,0.252936095,-0.1270859838,0.3526556492,0.041275315,-0.1523276269,-0.4929089844,-0.0550160818,-0.1198446304,-0.1449008584,-0.1644062847,0.4308349192,0.1175544858,-0.5414515138,-0.597684145,0.3638650775,-0.0841442645,-0.1012625843],[0.1246285513,-0.415986836,0.3411660194,0.0928182527,-0.4260212481,0.0107892584,-0.3233126104,-0.2839408219,-0.1529426277,-0.3644778132,0.0098640947,-0.1144400463,0.1839544326,0.0100895921,-0.4651951492,0.0834535956,-0.0400594026,0.4208117723,-0.3689619005,-0.0017967818],[-0.3572413921,-0.5000786781,0.3853919506,-0.1560267508,-0.4001232088,0.1815267652,0.0842417032,0.2018222809,0.4698372781,-0.2008364201,-0.4404254854,-0.3861317635,0.4338088036,0.0585080571,0.4924292564,-0.5248732567,0.5606987476,-0.2042903751,-0.2817339301,-0.258646071],[-0.2057601959,0.3701528013,0.0532169752,0.49027282,0.4284013808,-0.230180189,-0.010672885,-0.3482838273,-0.2682597935,-0.5764467716,-0.2870337665,0.0858379975,-0.2304556817,-0.5747455955,0.1399758458,-0.1852638274,-0.0797223449,0.0142332716,0.0798052847,-0.0605879202],[0.0640247539,-0.2207972854,0.1764282286,-0.261092186,-0.0090387948,0.1590013802,-0.5932564735,0.0324011073,0.1581479013,0.3041033745,0.5444821715,0.0578734651,-0.3749543726,0.1716607958,-0.1229147539,-0.1309334785,0.0207297541,-0.3722741902,-0.024380859,-0.3709148467]],[-0.0191585254,-0.0199376494,-0.0199033525,-0.0001213892,-0.0199446101,-0.0198838711,-0.0198413786,-0.0199421588,-0.0198526159,-0.0196878221,-0.0199313611,-0.0002179348,-0.0199698731,-0.0199313834,-0.0002385925,-0.0195863228,-0.0199093744,-0.0186617076,-0.019953277,-0.0198935159]]]]}